,PDB_ID,CHAIN_ID_A,RES_ID_A,CHAIN_ID_B,RES_ID_B,EDGE_LOC,ATOM_A,ATOM_B,EDGE_TYPE
0,1cee,A,180,A,16,LIG_SC,HZ2,MG,IAC
1,1cee,A,16,A,180,LIG_SC,MG,HZ2,IAC
2,1cee,A,180,A,17,LIG_SC,HG1,MG,IAC
3,1cee,A,17,A,180,LIG_SC,MG,HG1,IAC
4,1cee,A,180,A,17,LIG_SC,OG1,MG,IAC
5,1cee,A,17,A,180,LIG_SC,MG,OG1,IAC
6,1cee,A,180,A,35,LIG_SC,OG1,MG,IAC
7,1cee,A,35,A,180,LIG_SC,MG,OG1,IAC
8,1cee,A,180,A,35,LIG_SC,HG1,MG,IAC
9,1cee,A,35,A,180,LIG_SC,MG,HG1,IAC
10,1cee,A,180,A,35,LIG_SC,HG21,MG,IAC
11,1cee,A,35,A,180,LIG_SC,MG,HG21,IAC
12,1cee,A,181,A,12,LIG_MC,O,O1G,IAC
13,1cee,A,12,A,181,LIG_MC,O1G,O,IAC
14,1cee,A,181,A,12,LIG_MC,O,H3B1,IAC
15,1cee,A,12,A,181,LIG_MC,H3B1,O,IAC
16,1cee,A,181,A,12,LIG_MC,C,O1G,IAC
17,1cee,A,12,A,181,LIG_MC,O1G,C,IAC
18,1cee,A,181,A,13,LIG_SC,HA,H3B1,IAC
19,1cee,A,13,A,181,LIG_SC,H3B1,HA,IAC
20,1cee,A,181,A,13,LIG_SC,HA,O1B,IAC
21,1cee,A,13,A,181,LIG_SC,O1B,HA,IAC
22,1cee,A,181,A,13,LIG_SC,HB1,H3B1,IAC
23,1cee,A,13,A,181,LIG_SC,H3B1,HB1,IAC
24,1cee,A,181,A,13,LIG_SC,HB3,H3B1,IAC
25,1cee,A,13,A,181,LIG_SC,H3B1,HB3,IAC
26,1cee,A,181,A,13,LIG_MC,CA,H3B1,IAC
27,1cee,A,13,A,181,LIG_MC,H3B1,CA,IAC
28,1cee,A,181,A,13,LIG_SC,HA,C3B,IAC
29,1cee,A,13,A,181,LIG_SC,C3B,HA,IAC
30,1cee,A,181,A,13,LIG_SC,CB,H3B1,IAC
31,1cee,A,13,A,181,LIG_SC,H3B1,CB,IAC
32,1cee,A,181,A,13,LIG_SC,HA,PB,IAC
33,1cee,A,13,A,181,LIG_SC,PB,HA,IAC
34,1cee,A,181,A,13,LIG_MC,CA,O1B,IAC
35,1cee,A,13,A,181,LIG_MC,O1B,CA,IAC
36,1cee,A,181,A,13,LIG_MC,C,O1B,IAC
37,1cee,A,13,A,181,LIG_MC,O1B,C,IAC
38,1cee,A,181,A,13,LIG_SC,HA,O1G,IAC
39,1cee,A,13,A,181,LIG_SC,O1G,HA,IAC
40,1cee,A,181,A,13,LIG_SC,HB1,C3B,IAC
41,1cee,A,13,A,181,LIG_SC,C3B,HB1,IAC
42,1cee,A,181,A,14,LIG_SC,H,O1B,IAC
43,1cee,A,14,A,181,LIG_SC,O1B,H,IAC
44,1cee,A,181,A,14,LIG_MC,N,O1B,IAC
45,1cee,A,14,A,181,LIG_MC,O1B,N,IAC
46,1cee,A,181,A,14,LIG_MC,C,O1B,IAC
47,1cee,A,14,A,181,LIG_MC,O1B,C,IAC
48,1cee,A,181,A,15,LIG_SC,H,O1B,IAC
49,1cee,A,15,A,181,LIG_SC,O1B,H,IAC
50,1cee,A,181,A,15,LIG_SC,HA2,O1A,IAC
51,1cee,A,15,A,181,LIG_SC,O1A,HA2,IAC
52,1cee,A,181,A,15,LIG_SC,HA2,O3A,IAC
53,1cee,A,15,A,181,LIG_SC,O3A,HA2,IAC
54,1cee,A,181,A,15,LIG_MC,N,O1B,IAC
55,1cee,A,15,A,181,LIG_MC,O1B,N,IAC
56,1cee,A,181,A,15,LIG_SC,HA2,H8,IAC
57,1cee,A,15,A,181,LIG_SC,H8,HA2,IAC
58,1cee,A,181,A,15,LIG_SC,HA2,PA,IAC
59,1cee,A,15,A,181,LIG_SC,PA,HA2,IAC
60,1cee,A,181,A,15,LIG_SC,HA2,O5',IAC
61,1cee,A,15,A,181,LIG_SC,O5',HA2,IAC
62,1cee,A,181,A,15,LIG_SC,H,O3A,IAC
63,1cee,A,15,A,181,LIG_SC,O3A,H,IAC
64,1cee,A,181,A,15,LIG_SC,HA3,H8,IAC
65,1cee,A,15,A,181,LIG_SC,H8,HA3,IAC
66,1cee,A,181,A,15,LIG_SC,HA2,O1B,IAC
67,1cee,A,15,A,181,LIG_SC,O1B,HA2,IAC
68,1cee,A,181,A,15,LIG_SC,H,PB,IAC
69,1cee,A,15,A,181,LIG_SC,PB,H,IAC
70,1cee,A,181,A,15,LIG_MC,CA,O1A,IAC
71,1cee,A,15,A,181,LIG_MC,O1A,CA,IAC
72,1cee,A,181,A,15,LIG_MC,CA,H8,IAC
73,1cee,A,15,A,181,LIG_MC,H8,CA,IAC
74,1cee,A,181,A,15,LIG_MC,C,O1A,IAC
75,1cee,A,15,A,181,LIG_MC,O1A,C,IAC
76,1cee,A,181,A,15,LIG_SC,HA3,C8,IAC
77,1cee,A,15,A,181,LIG_SC,C8,HA3,IAC
78,1cee,A,181,A,15,LIG_SC,HA2,PB,IAC
79,1cee,A,15,A,181,LIG_SC,PB,HA2,IAC
80,1cee,A,181,A,15,LIG_MC,CA,O1B,IAC
81,1cee,A,15,A,181,LIG_MC,O1B,CA,IAC
82,1cee,A,181,A,16,LIG_SC,HZ2,O1G,IAC
83,1cee,A,16,A,181,LIG_SC,O1G,HZ2,IAC
84,1cee,A,181,A,16,LIG_SC,HZ3,O1B,IAC
85,1cee,A,16,A,181,LIG_SC,O1B,HZ3,IAC
86,1cee,A,181,A,16,LIG_SC,HZ1,O1G,IAC
87,1cee,A,16,A,181,LIG_SC,O1G,HZ1,IAC
88,1cee,A,181,A,16,LIG_SC,HG2,O2B,IAC
89,1cee,A,16,A,181,LIG_SC,O2B,HG2,IAC
90,1cee,A,181,A,16,LIG_SC,H,O1B,IAC
91,1cee,A,16,A,181,LIG_SC,O1B,H,IAC
92,1cee,A,181,A,16,LIG_SC,HZ3,O1G,IAC
93,1cee,A,16,A,181,LIG_SC,O1G,HZ3,IAC
94,1cee,A,181,A,16,LIG_SC,NZ,O1G,IAC
95,1cee,A,16,A,181,LIG_SC,O1G,NZ,IAC
96,1cee,A,181,A,16,LIG_SC,HZ3,O2B,IAC
97,1cee,A,16,A,181,LIG_SC,O2B,HZ3,IAC
98,1cee,A,181,A,16,LIG_SC,HZ3,PB,IAC
99,1cee,A,16,A,181,LIG_SC,PB,HZ3,IAC
100,1cee,A,181,A,16,LIG_SC,HG2,O1B,IAC
101,1cee,A,16,A,181,LIG_SC,O1B,HG2,IAC
102,1cee,A,181,A,16,LIG_SC,H,O2B,IAC
103,1cee,A,16,A,181,LIG_SC,O2B,H,IAC
104,1cee,A,181,A,16,LIG_SC,H,PB,IAC
105,1cee,A,16,A,181,LIG_SC,PB,H,IAC
106,1cee,A,181,A,16,LIG_SC,HG2,PB,IAC
107,1cee,A,16,A,181,LIG_SC,PB,HG2,IAC
108,1cee,A,181,A,16,LIG_SC,HZ3,PG,IAC
109,1cee,A,16,A,181,LIG_SC,PG,HZ3,IAC
110,1cee,A,181,A,16,LIG_SC,HZ3,C3B,IAC
111,1cee,A,16,A,181,LIG_SC,C3B,HZ3,IAC
112,1cee,A,181,A,16,LIG_SC,CG,O2B,IAC
113,1cee,A,16,A,181,LIG_SC,O2B,CG,IAC
114,1cee,A,181,A,16,LIG_SC,HZ2,PG,IAC
115,1cee,A,16,A,181,LIG_SC,PG,HZ2,IAC
116,1cee,A,181,A,16,LIG_SC,HG3,O2B,IAC
117,1cee,A,16,A,181,LIG_SC,O2B,HG3,IAC
118,1cee,A,181,A,16,LIG_MC,N,O1B,IAC
119,1cee,A,16,A,181,LIG_MC,O1B,N,IAC
120,1cee,A,181,A,17,LIG_SC,HB,O1A,IAC
121,1cee,A,17,A,181,LIG_SC,O1A,HB,IAC
122,1cee,A,181,A,17,LIG_SC,H,O1A,IAC
123,1cee,A,17,A,181,LIG_SC,O1A,H,IAC
124,1cee,A,181,A,17,LIG_SC,H,O2B,IAC
125,1cee,A,17,A,181,LIG_SC,O2B,H,IAC
126,1cee,A,181,A,17,LIG_MC,N,O1A,IAC
127,1cee,A,17,A,181,LIG_MC,O1A,N,IAC
128,1cee,A,181,A,17,LIG_SC,HB,O2A,IAC
129,1cee,A,17,A,181,LIG_SC,O2A,HB,IAC
130,1cee,A,181,A,17,LIG_SC,OG1,O2B,IAC
131,1cee,A,17,A,181,LIG_SC,O2B,OG1,IAC
132,1cee,A,181,A,17,LIG_SC,HB,PA,IAC
133,1cee,A,17,A,181,LIG_SC,PA,HB,IAC
134,1cee,A,181,A,17,LIG_SC,HG1,O2B,IAC
135,1cee,A,17,A,181,LIG_SC,O2B,HG1,IAC
136,1cee,A,181,A,17,LIG_SC,CB,O1A,IAC
137,1cee,A,17,A,181,LIG_SC,O1A,CB,IAC
138,1cee,A,181,A,17,LIG_MC,CA,O1A,IAC
139,1cee,A,17,A,181,LIG_MC,O1A,CA,IAC
140,1cee,A,181,A,18,LIG_SC,CB,C8,VDW
141,1cee,A,18,A,181,LIG_SC,C8,CB,VDW
142,1cee,A,181,A,18,LIG_SC,H,O1A,IAC
143,1cee,A,18,A,181,LIG_SC,O1A,H,IAC
144,1cee,A,181,A,18,LIG_SC,HB2,H8,IAC
145,1cee,A,18,A,181,LIG_SC,H8,HB2,IAC
146,1cee,A,181,A,18,LIG_SC,HB3,N7,IAC
147,1cee,A,18,A,181,LIG_SC,N7,HB3,IAC
148,1cee,A,181,A,18,LIG_SC,HB3,H8,IAC
149,1cee,A,18,A,181,LIG_SC,H8,HB3,IAC
150,1cee,A,181,A,18,LIG_SC,HB3,C8,IAC
151,1cee,A,18,A,181,LIG_SC,C8,HB3,IAC
152,1cee,A,181,A,18,LIG_SC,HB2,H2',IAC
153,1cee,A,18,A,181,LIG_SC,H2',HB2,IAC
154,1cee,A,181,A,18,LIG_SC,HB2,C8,IAC
155,1cee,A,18,A,181,LIG_SC,C8,HB2,IAC
156,1cee,A,181,A,18,LIG_SC,CB,H8,IAC
157,1cee,A,18,A,181,LIG_SC,H8,CB,IAC
158,1cee,A,181,A,18,LIG_MC,N,O1A,IAC
159,1cee,A,18,A,181,LIG_MC,O1A,N,IAC
160,1cee,A,181,A,18,LIG_SC,CB,N7,IAC
161,1cee,A,18,A,181,LIG_SC,N7,CB,IAC
162,1cee,A,181,A,18,LIG_SC,HB2,O1A,IAC
163,1cee,A,18,A,181,LIG_SC,O1A,HB2,IAC
164,1cee,A,181,A,18,LIG_SC,HB2,N7,IAC
165,1cee,A,18,A,181,LIG_SC,N7,HB2,IAC
166,1cee,A,181,A,18,LIG_SC,H,H8,IAC
167,1cee,A,18,A,181,LIG_SC,H8,H,IAC
168,1cee,A,181,A,18,LIG_SC,HB3,C5,IAC
169,1cee,A,18,A,181,LIG_SC,C5,HB3,IAC
170,1cee,A,181,A,28,LIG_SC,HZ,O2',IAC
171,1cee,A,28,A,181,LIG_SC,O2',HZ,IAC
172,1cee,A,181,A,28,LIG_SC,HZ,HO2',IAC
173,1cee,A,28,A,181,LIG_SC,HO2',HZ,IAC
174,1cee,A,181,A,28,LIG_SC,HE2,C4,IAC
175,1cee,A,28,A,181,LIG_SC,C4,HE2,IAC
176,1cee,A,181,A,28,LIG_SC,HE2,C5,IAC
177,1cee,A,28,A,181,LIG_SC,C5,HE2,IAC
178,1cee,A,181,A,28,LIG_SC,HE2,N3,IAC
179,1cee,A,28,A,181,LIG_SC,N3,HE2,IAC
180,1cee,A,181,A,28,LIG_SC,CZ,O2',IAC
181,1cee,A,28,A,181,LIG_SC,O2',CZ,IAC
182,1cee,A,181,A,28,LIG_SC,HE2,C6,IAC
183,1cee,A,28,A,181,LIG_SC,C6,HE2,IAC
184,1cee,A,181,A,28,LIG_SC,HE2,C2,IAC
185,1cee,A,28,A,181,LIG_SC,C2,HE2,IAC
186,1cee,A,181,A,28,LIG_SC,CZ,HO2',IAC
187,1cee,A,28,A,181,LIG_SC,HO2',CZ,IAC
188,1cee,A,181,A,28,LIG_SC,HE2,N1,IAC
189,1cee,A,28,A,181,LIG_SC,N1,HE2,IAC
190,1cee,A,181,A,28,LIG_SC,HE2,N9,IAC
191,1cee,A,28,A,181,LIG_SC,N9,HE2,IAC
192,1cee,A,181,A,28,LIG_SC,HZ,H1',IAC
193,1cee,A,28,A,181,LIG_SC,H1',HZ,IAC
194,1cee,A,181,A,28,LIG_SC,HZ,C2',IAC
195,1cee,A,28,A,181,LIG_SC,C2',HZ,IAC
196,1cee,A,181,A,32,LIG_SC,HE1,H5'2,IAC
197,1cee,A,32,A,181,LIG_SC,H5'2,HE1,IAC
198,1cee,A,181,A,32,LIG_SC,HD1,H3',IAC
199,1cee,A,32,A,181,LIG_SC,H3',HD1,IAC
200,1cee,A,181,A,32,LIG_SC,HE1,O2A,IAC
201,1cee,A,32,A,181,LIG_SC,O2A,HE1,IAC
202,1cee,A,181,A,35,LIG_SC,OG1,O2G,IAC
203,1cee,A,35,A,181,LIG_SC,O2G,OG1,IAC
204,1cee,A,181,A,35,LIG_SC,HG21,O2G,IAC
205,1cee,A,35,A,181,LIG_SC,O2G,HG21,IAC
206,1cee,A,181,A,35,LIG_SC,HG1,O2G,IAC
207,1cee,A,35,A,181,LIG_SC,O2G,HG1,IAC
208,1cee,A,181,A,35,LIG_SC,CG2,O2G,IAC
209,1cee,A,35,A,181,LIG_SC,O2G,CG2,IAC
210,1cee,A,2,A,51,SC_SC,CE2,CB,VDW
211,1cee,A,51,A,2,SC_SC,CB,CE2,VDW
212,1cee,A,2,A,52,MC_MC,N,O,HBOND
213,1cee,A,52,A,2,MC_MC,O,N,HBOND
214,1cee,A,181,A,118,LIG_SC,OD1,H1,IAC
215,1cee,A,118,A,181,LIG_SC,H1,OD1,IAC
216,1cee,A,181,A,118,LIG_SC,OD2,HN22,IAC
217,1cee,A,118,A,181,LIG_SC,HN22,OD2,IAC
218,1cee,A,181,A,118,LIG_SC,CG,HN22,IAC
219,1cee,A,118,A,181,LIG_SC,HN22,CG,IAC
220,1cee,A,181,A,118,LIG_SC,CG,H1,IAC
221,1cee,A,118,A,181,LIG_SC,H1,CG,IAC
222,1cee,A,181,A,118,LIG_SC,OD1,HN22,IAC
223,1cee,A,118,A,181,LIG_SC,HN22,OD1,IAC
224,1cee,A,181,A,118,LIG_SC,OD1,N1,IAC
225,1cee,A,118,A,181,LIG_SC,N1,OD1,IAC
226,1cee,A,181,A,118,LIG_SC,OD2,N2,IAC
227,1cee,A,118,A,181,LIG_SC,N2,OD2,IAC
228,1cee,A,181,A,118,LIG_SC,OD2,H1,IAC
229,1cee,A,118,A,181,LIG_SC,H1,OD2,IAC
230,1cee,A,181,A,118,LIG_SC,CG,N2,IAC
231,1cee,A,118,A,181,LIG_SC,N2,CG,IAC
232,1cee,A,181,A,118,LIG_SC,HB2,H1,IAC
233,1cee,A,118,A,181,LIG_SC,H1,HB2,IAC
234,1cee,A,181,A,158,LIG_SC,OG,O6,IAC
235,1cee,A,158,A,181,LIG_SC,O6,OG,IAC
236,1cee,A,181,A,158,LIG_SC,HG,O6,IAC
237,1cee,A,158,A,181,LIG_SC,O6,HG,IAC
238,1cee,A,181,A,159,LIG_SC,H,O6,IAC
239,1cee,A,159,A,181,LIG_SC,O6,H,IAC
240,1cee,A,181,A,159,LIG_SC,HB2,O6,IAC
241,1cee,A,159,A,181,LIG_SC,O6,HB2,IAC
242,1cee,A,181,A,159,LIG_MC,N,O6,IAC
243,1cee,A,159,A,181,LIG_MC,O6,N,IAC
244,1cee,A,181,A,159,LIG_SC,H,C6,IAC
245,1cee,A,159,A,181,LIG_SC,C6,H,IAC
246,1cee,A,181,A,160,LIG_SC,H,O6,IAC
247,1cee,A,160,A,181,LIG_SC,O6,H,IAC
248,1cee,A,181,A,160,LIG_SC,HB2,H1,IAC
249,1cee,A,160,A,181,LIG_SC,H1,HB2,IAC
250,1cee,A,181,A,160,LIG_SC,HB3,H1,IAC
251,1cee,A,160,A,181,LIG_SC,H1,HB3,IAC
252,1cee,A,181,A,160,LIG_SC,HB2,N1,IAC
253,1cee,A,160,A,181,LIG_SC,N1,HB2,IAC
254,1cee,A,181,A,160,LIG_SC,CB,H1,IAC
255,1cee,A,160,A,181,LIG_SC,H1,CB,IAC
256,1cee,A,181,A,160,LIG_SC,HG,HN22,IAC
257,1cee,A,160,A,181,LIG_SC,HN22,HG,IAC
258,1cee,A,181,A,160,LIG_SC,H,C6,IAC
259,1cee,A,160,A,181,LIG_SC,C6,H,IAC
260,1cee,A,181,A,160,LIG_SC,H,H1,IAC
261,1cee,A,160,A,181,LIG_SC,H1,H,IAC
262,1cee,A,181,A,160,LIG_SC,HB2,C2,IAC
263,1cee,A,160,A,181,LIG_SC,C2,HB2,IAC
264,1cee,A,181,A,160,LIG_SC,HB2,HN22,IAC
265,1cee,A,160,A,181,LIG_SC,HN22,HB2,IAC
266,1cee,A,181,A,160,LIG_SC,H,N1,IAC
267,1cee,A,160,A,181,LIG_SC,N1,H,IAC
268,1cee,A,181,A,160,LIG_SC,HB3,N1,IAC
269,1cee,A,160,A,181,LIG_SC,N1,HB3,IAC
270,1cee,A,181,A,160,LIG_SC,HB2,N2,IAC
271,1cee,A,160,A,181,LIG_SC,N2,HB2,IAC
272,1cee,A,181,A,160,LIG_SC,HB3,HN22,IAC
273,1cee,A,160,A,181,LIG_SC,HN22,HB3,IAC
274,1cee,A,181,A,160,LIG_SC,HB2,C6,IAC
275,1cee,A,160,A,181,LIG_SC,C6,HB2,IAC
276,1cee,A,181,A,160,LIG_MC,N,O6,IAC
277,1cee,A,160,A,181,LIG_MC,O6,N,IAC
278,1cee,A,181,A,160,LIG_SC,HG,N2,IAC
279,1cee,A,160,A,181,LIG_SC,N2,HG,IAC
280,1cee,A,181,A,160,LIG_SC,CB,N1,IAC
281,1cee,A,160,A,181,LIG_SC,N1,CB,IAC
282,1cee,A,181,A,160,LIG_SC,CB,HN22,IAC
283,1cee,A,160,A,181,LIG_SC,HN22,CB,IAC
284,1cee,A,4,A,52,MC_MC,O,N,HBOND
285,1cee,A,52,A,4,MC_MC,N,O,HBOND
286,1cee,A,4,A,54,MC_MC,N,O,HBOND
287,1cee,A,54,A,4,MC_MC,O,N,HBOND
288,1cee,A,4,A,173,SC_SC,CG2,CG1,VDW
289,1cee,A,173,A,4,SC_SC,CG1,CG2,VDW
290,1cee,A,4,A,173,SC_SC,CG2,CD1,VDW
291,1cee,A,173,A,4,SC_SC,CD1,CG2,VDW
292,1cee,A,4,A,176,SC_SC,CB,CG2,VDW
293,1cee,A,176,A,4,SC_SC,CG2,CB,VDW
294,1cee,A,5,A,75,SC_MC,C,CD,VDW
295,1cee,A,75,A,5,SC_MC,CD,C,VDW
296,1cee,A,5,A,76,MC_MC,N,O,HBOND
297,1cee,A,76,A,5,MC_MC,O,N,HBOND
298,1cee,A,6,A,54,MC_MC,O,N,HBOND
299,1cee,A,54,A,6,MC_MC,N,O,HBOND
300,1cee,A,6,A,56,MC_MC,N,O,HBOND
301,1cee,A,56,A,6,MC_MC,O,N,HBOND
302,1cee,A,6,A,77,SC_SC,CG1,SG,VDW
303,1cee,A,77,A,6,SC_SC,SG,CG1,VDW
304,1cee,A,7,A,79,MC_MC,N,O,HBOND
305,1cee,A,79,A,7,MC_MC,O,N,HBOND
306,1cee,A,8,A,20,SC_SC,CD2,CG2,VDW
307,1cee,A,20,A,8,SC_SC,CG2,CD2,VDW
308,1cee,A,8,A,20,SC_SC,CD1,CG2,VDW
309,1cee,A,20,A,8,SC_SC,CG2,CD1,VDW
310,1cee,A,8,A,56,MC_MC,O,N,HBOND
311,1cee,A,56,A,8,MC_MC,N,O,HBOND
312,1cee,A,9,A,79,MC_MC,O,N,HBOND
313,1cee,A,79,A,9,MC_MC,N,O,HBOND
314,1cee,A,11,A,68,SC_SC,NH2,OD1,HBOND
315,1cee,A,68,A,11,SC_SC,OD1,NH2,HBOND
316,1cee,A,14,A,81,SC_SC,CB,CG2,VDW
317,1cee,A,81,A,14,SC_SC,CG2,CB,VDW
318,1cee,A,14,A,82,SC_MC,C,CG1,VDW
319,1cee,A,82,A,14,SC_MC,CG1,C,VDW
320,1cee,A,14,A,83,SC_SC,CB,CG1,VDW
321,1cee,A,83,A,14,SC_SC,CG1,CB,VDW
322,1cee,A,17,A,34,SC_SC,CG,CG2,VDW
323,1cee,A,34,A,17,SC_SC,CG2,CG,VDW
324,1cee,A,17,A,34,SC_SC,CB,CG2,VDW
325,1cee,A,34,A,17,SC_SC,CG2,CB,VDW
326,1cee,A,18,A,28,SC_SC,CE2,SG,VDW
327,1cee,A,28,A,18,SC_SC,SG,CE2,VDW
328,1cee,A,18,A,29,SC_SC,CG,SG,VDW
329,1cee,A,29,A,18,SC_SC,SG,CG,VDW
330,1cee,A,18,A,29,SC_SC,CD,SG,VDW
331,1cee,A,29,A,18,SC_SC,SG,CD,VDW
332,1cee,A,19,A,165,SC_SC,CD1,CD2,VDW
333,1cee,A,165,A,19,SC_SC,CD2,CD1,VDW
334,1cee,A,19,A,169,SC_SC,CE1,CD2,VDW
335,1cee,A,169,A,19,SC_SC,CD2,CE1,VDW
336,1cee,A,20,A,57,SC_SC,CG,CD1,VDW
337,1cee,A,57,A,20,SC_SC,CD1,CG,VDW
338,1cee,A,22,A,27,SC_MC,O,OG,HBOND
339,1cee,A,27,A,22,SC_MC,OG,O,HBOND
340,1cee,A,22,A,159,SC_SC,CB,CB,VDW
341,1cee,A,159,A,22,SC_SC,CB,CB,VDW
342,1cee,A,23,A,165,SC_SC,CD1,CB,VDW
343,1cee,A,165,A,23,SC_SC,CB,CD1,VDW
344,1cee,A,23,A,166,SC_SC,CB,CE1,VDW
345,1cee,A,166,A,23,SC_SC,CE1,CB,VDW
346,1cee,A,23,A,169,SC_SC,"-2.137,-4.711,5.068","-0.970,-6.093,7.895",PIPISTACK
347,1cee,A,169,A,23,SC_SC,"-0.970,-6.093,7.895","-2.137,-4.711,5.068",PIPISTACK
348,1cee,A,23,A,169,SC_SC,CD2,CE2,VDW
349,1cee,A,169,A,23,SC_SC,CE2,CD2,VDW
350,1cee,A,23,A,169,SC_SC,CB,CZ,VDW
351,1cee,A,169,A,23,SC_SC,CZ,CB,VDW
352,1cee,A,23,A,169,SC_SC,CG,CZ,VDW
353,1cee,A,169,A,23,SC_SC,CZ,CG,VDW
354,1cee,A,23,A,169,SC_SC,CG,CE2,VDW
355,1cee,A,169,A,23,SC_SC,CE2,CG,VDW
356,1cee,A,23,A,169,SC_SC,CE2,CD2,VDW
357,1cee,A,169,A,23,SC_SC,CD2,CE2,VDW
358,1cee,A,23,A,169,SC_SC,CD2,CD2,VDW
359,1cee,A,169,A,23,SC_SC,CD2,CD2,VDW
360,1cee,A,23,A,169,SC_SC,CB,CE1,VDW
361,1cee,A,169,A,23,SC_SC,CE1,CB,VDW
362,1cee,A,23,A,169,SC_SC,CE1,CG,VDW
363,1cee,A,169,A,23,SC_SC,CG,CE1,VDW
364,1cee,A,23,A,169,SC_SC,CZ,CD2,VDW
365,1cee,A,169,A,23,SC_SC,CD2,CZ,VDW
366,1cee,A,23,A,169,SC_SC,CD1,CD1,VDW
367,1cee,A,169,A,23,SC_SC,CD1,CD1,VDW
368,1cee,A,23,A,169,SC_SC,CD1,CG,VDW
369,1cee,A,169,A,23,SC_SC,CG,CD1,VDW
370,1cee,A,23,A,169,SC_SC,CG,CE1,VDW
371,1cee,A,169,A,23,SC_SC,CE1,CG,VDW
372,1cee,A,23,A,169,SC_SC,CE2,CE2,VDW
373,1cee,A,169,A,23,SC_SC,CE2,CE2,VDW
374,1cee,A,23,A,169,SC_SC,CD2,CZ,VDW
375,1cee,A,169,A,23,SC_SC,CZ,CD2,VDW
376,1cee,A,23,A,169,SC_SC,CG,CD2,VDW
377,1cee,A,169,A,23,SC_SC,CD2,CG,VDW
378,1cee,A,24,A,42,SC_SC,CG2,CG2,VDW
379,1cee,A,42,A,24,SC_SC,CG2,CG2,VDW
380,1cee,A,24,A,55,SC_SC,CD1,CG2,VDW
381,1cee,A,55,A,24,SC_SC,CG2,CD1,VDW
382,1cee,A,26,A,162,SC_SC,OE1,CG,VDW
383,1cee,A,162,A,26,SC_SC,CG,OE1,VDW
384,1cee,A,38,A,57,MC_MC,N,O,HBOND
385,1cee,A,57,A,38,MC_MC,O,N,HBOND
386,1cee,A,39,A,55,SC_MC,O,ND2,HBOND
387,1cee,A,55,A,39,SC_MC,ND2,O,HBOND
388,1cee,A,39,A,55,SC_MC,C,ND2,VDW
389,1cee,A,55,A,39,SC_MC,ND2,C,VDW
390,1cee,A,39,A,56,SC_SC,CE1,CG,VDW
391,1cee,A,56,A,39,SC_SC,CG,CE1,VDW
392,1cee,A,39,A,56,SC_SC,CE1,ND2,VDW
393,1cee,A,56,A,39,SC_SC,ND2,CE1,VDW
394,1cee,A,39,A,56,SC_SC,CD1,ND2,VDW
395,1cee,A,56,A,39,SC_SC,ND2,CD1,VDW
396,1cee,A,39,A,56,SC_SC,CE1,OD1,VDW
397,1cee,A,56,A,39,SC_SC,OD1,CE1,VDW
398,1cee,A,40,A,55,MC_MC,N,O,HBOND
399,1cee,A,55,A,40,MC_MC,O,N,HBOND
400,1cee,A,40,A,55,MC_MC,O,N,HBOND
401,1cee,A,55,A,40,MC_MC,N,O,HBOND
402,1cee,A,42,A,53,MC_MC,N,O,HBOND
403,1cee,A,53,A,42,MC_MC,O,N,HBOND
404,1cee,A,42,A,53,MC_MC,O,N,HBOND
405,1cee,A,53,A,42,MC_MC,N,O,HBOND
406,1cee,A,44,A,51,MC_MC,N,O,HBOND
407,1cee,A,51,A,44,MC_MC,O,N,HBOND
408,1cee,A,44,A,51,MC_MC,O,N,HBOND
409,1cee,A,51,A,44,MC_MC,N,O,HBOND
410,1cee,A,46,A,51,SC_SC,CB,CD1,VDW
411,1cee,A,51,A,46,SC_SC,CD1,CB,VDW
412,1cee,A,53,A,173,SC_SC,CG1,CD1,VDW
413,1cee,A,173,A,53,SC_SC,CD1,CG1,VDW
414,1cee,A,53,A,173,SC_SC,CD1,CD2,VDW
415,1cee,A,173,A,53,SC_SC,CD2,CD1,VDW
416,1cee,A,55,A,169,SC_SC,CE2,CD2,VDW
417,1cee,A,169,A,55,SC_SC,CD2,CE2,VDW
418,1cee,A,61,A,68,MC_SC,NH2,O,HBOND
419,1cee,A,68,A,61,MC_SC,O,NH2,HBOND
420,1cee,A,61,A,68,MC_SC,NE,O,HBOND
421,1cee,A,68,A,61,MC_SC,O,NE,HBOND
422,1cee,A,77,A,109,SC_SC,CB,CG2,VDW
423,1cee,A,109,A,77,SC_SC,CG2,CB,VDW
424,1cee,A,77,A,109,SC_SC,CG,CG2,VDW
425,1cee,A,109,A,77,SC_SC,CG2,CG,VDW
426,1cee,A,77,A,176,SC_SC,CB,CB,VDW
427,1cee,A,176,A,77,SC_SC,CB,CB,VDW
428,1cee,A,77,A,176,SC_SC,CB,CG1,VDW
429,1cee,A,176,A,77,SC_SC,CG1,CB,VDW
430,1cee,A,78,A,101,SC_SC,CG2,CZ,VDW
431,1cee,A,101,A,78,SC_SC,CZ,CG2,VDW
432,1cee,A,78,A,101,SC_SC,CG2,CE2,VDW
433,1cee,A,101,A,78,SC_SC,CE2,CG2,VDW
434,1cee,A,78,A,101,SC_SC,CG2,CE1,VDW
435,1cee,A,101,A,78,SC_SC,CE1,CG2,VDW
436,1cee,A,78,A,109,MC_MC,O,N,HBOND
437,1cee,A,109,A,78,MC_MC,N,O,HBOND
438,1cee,A,78,A,111,MC_MC,N,O,HBOND
439,1cee,A,111,A,78,MC_MC,O,N,HBOND
440,1cee,A,80,A,97,SC_SC,CE3,CG1,VDW
441,1cee,A,97,A,80,SC_SC,CG1,CE3,VDW
442,1cee,A,80,A,97,SC_SC,CB,CG1,VDW
443,1cee,A,97,A,80,SC_SC,CG1,CB,VDW
444,1cee,A,80,A,111,MC_MC,O,N,HBOND
445,1cee,A,111,A,80,MC_MC,N,O,HBOND
446,1cee,A,80,A,113,MC_MC,N,O,HBOND
447,1cee,A,113,A,80,MC_MC,O,N,HBOND
448,1cee,A,81,A,113,SC_SC,CB,SG,VDW
449,1cee,A,113,A,81,SC_SC,SG,CB,VDW
450,1cee,A,82,A,93,SC_SC,CG2,CB,VDW
451,1cee,A,93,A,82,SC_SC,CB,CG2,VDW
452,1cee,A,82,A,93,SC_SC,CG2,CG,VDW
453,1cee,A,93,A,82,SC_SC,CG,CG2,VDW
454,1cee,A,82,A,113,MC_MC,O,N,HBOND
455,1cee,A,113,A,82,MC_MC,N,O,HBOND
456,1cee,A,82,A,115,MC_MC,N,O,HBOND
457,1cee,A,115,A,82,MC_MC,O,N,HBOND
458,1cee,A,83,A,89,MC_SC,OG,O,HBOND
459,1cee,A,89,A,83,MC_SC,O,OG,HBOND
460,1cee,A,83,A,89,MC_SC,OG,N,HBOND
461,1cee,A,89,A,83,MC_SC,N,OG,HBOND
462,1cee,A,84,A,115,MC_MC,O,N,HBOND
463,1cee,A,115,A,84,MC_MC,N,O,HBOND
464,1cee,A,84,A,137,MC_MC,N,O,HBOND
465,1cee,A,137,A,84,MC_MC,O,N,HBOND
466,1cee,A,85,A,119,SC_SC,CD1,CG1,VDW
467,1cee,A,119,A,85,SC_SC,CG1,CD1,VDW
468,1cee,A,87,A,135,SC_SC,CG,CG,VDW
469,1cee,A,135,A,87,SC_SC,CG,CG,VDW
470,1cee,A,90,A,137,SC_SC,CG2,CD1,VDW
471,1cee,A,137,A,90,SC_SC,CD1,CG2,VDW
472,1cee,A,90,A,141,SC_SC,CG2,CZ,VDW
473,1cee,A,141,A,90,SC_SC,CZ,CG2,VDW
474,1cee,A,90,A,141,SC_SC,CG2,CE1,VDW
475,1cee,A,141,A,90,SC_SC,CE1,CG2,VDW
476,1cee,A,90,A,145,SC_SC,CD1,CZ,VDW
477,1cee,A,145,A,90,SC_SC,CZ,CD1,VDW
478,1cee,A,90,A,145,SC_SC,CD2,CE1,VDW
479,1cee,A,145,A,90,SC_SC,CE1,CD2,VDW
480,1cee,A,92,A,97,MC_MC,N,O,HBOND
481,1cee,A,97,A,92,MC_MC,O,N,HBOND
482,1cee,A,92,A,97,MC_SC,CD1,C,VDW
483,1cee,A,97,A,92,MC_SC,C,CD1,VDW
484,1cee,A,92,A,97,SC_SC,CD1,CB,VDW
485,1cee,A,97,A,92,SC_SC,CB,CD1,VDW
486,1cee,A,93,A,145,SC_SC,CD2,CG1,VDW
487,1cee,A,145,A,93,SC_SC,CG1,CD2,VDW
488,1cee,A,98,A,149,SC_SC,CD2,CG2,VDW
489,1cee,A,149,A,98,SC_SC,CG2,CD2,VDW
490,1cee,A,98,A,149,SC_SC,CD2,CB,VDW
491,1cee,A,149,A,98,SC_SC,CB,CD2,VDW
492,1cee,A,109,A,152,SC_SC,CG1,CB,VDW
493,1cee,A,152,A,109,SC_SC,CB,CG1,VDW
494,1cee,A,110,A,152,MC_MC,N,O,HBOND
495,1cee,A,152,A,110,MC_MC,O,N,HBOND
496,1cee,A,111,A,152,SC_SC,CG2,CD2,VDW
497,1cee,A,152,A,111,SC_SC,CD2,CG2,VDW
498,1cee,A,111,A,171,SC_MC,C,CD2,VDW
499,1cee,A,171,A,111,SC_MC,CD2,C,VDW
500,1cee,A,112,A,146,SC_SC,CB,CD2,VDW
501,1cee,A,146,A,112,SC_SC,CD2,CB,VDW
502,1cee,A,112,A,153,MC_MC,O,N,HBOND
503,1cee,A,153,A,112,MC_MC,N,O,HBOND
504,1cee,A,112,A,154,SC_SC,CD1,CD2,VDW
505,1cee,A,154,A,112,SC_SC,CD2,CD1,VDW
506,1cee,A,112,A,155,MC_MC,N,O,HBOND
507,1cee,A,155,A,112,MC_MC,O,N,HBOND
508,1cee,A,113,A,157,SC_SC,SG,CG1,VDW
509,1cee,A,157,A,113,SC_SC,CG1,SG,VDW
510,1cee,A,114,A,155,MC_MC,O,N,HBOND
511,1cee,A,155,A,114,MC_MC,N,O,HBOND
512,1cee,A,114,A,157,MC_MC,N,O,HBOND
513,1cee,A,157,A,114,MC_MC,O,N,HBOND
514,1cee,A,117,A,157,SC_MC,C,CD1,VDW
515,1cee,A,157,A,117,SC_MC,CD1,C,VDW
516,1cee,A,119,A,125,SC_SC,CG2,CD2,VDW
517,1cee,A,125,A,119,SC_SC,CD2,CG2,VDW
518,1cee,A,120,A,126,MC_SC,CD1,C,VDW
519,1cee,A,126,A,120,MC_SC,C,CD1,VDW
520,1cee,A,129,A,134,MC_MC,N,O,HBOND
521,1cee,A,134,A,129,MC_MC,O,N,HBOND
522,1cee,A,142,A,154,SC_SC,CZ,CB,VDW
523,1cee,A,154,A,142,SC_SC,CB,CZ,VDW
524,1cee,A,142,A,154,SC_SC,CE1,CB,VDW
525,1cee,A,154,A,142,SC_SC,CB,CE1,VDW
526,1cee,A,142,A,154,SC_SC,CE2,CB,VDW
527,1cee,A,154,A,142,SC_SC,CB,CE2,VDW
528,1cee,A,142,A,154,SC_SC,CD1,CB,VDW
529,1cee,A,154,A,142,SC_SC,CB,CD1,VDW
530,1cee,A,146,A,151,MC_MC,N,O,HBOND
531,1cee,A,151,A,146,MC_MC,O,N,HBOND
532,1cee,A,146,A,151,MC_SC,CB,C,VDW
533,1cee,A,151,A,146,MC_SC,C,CB,VDW
534,1cee,A,152,A,175,SC_SC,CB,CG1,VDW
535,1cee,A,175,A,152,SC_SC,CG1,CB,VDW
536,1cee,A,152,A,175,SC_SC,CB,CG2,VDW
537,1cee,A,175,A,152,SC_SC,CG2,CB,VDW
538,1cee,A,152,A,175,SC_SC,CB,CB,VDW
539,1cee,A,175,A,152,SC_SC,CB,CB,VDW
540,1cee,A,155,A,168,SC_SC,CG1,CG2,VDW
541,1cee,A,168,A,155,SC_SC,CG2,CG1,VDW
542,1cee,A,155,A,168,SC_SC,CG2,CG2,VDW
543,1cee,A,168,A,155,SC_SC,CG2,CG2,VDW
544,1cee,A,156,A,168,MC_SC,CG2,C,VDW
545,1cee,A,168,A,156,MC_SC,C,CG2,VDW
546,1cee,A,157,A,168,SC_SC,CG2,CB,VDW
547,1cee,A,168,A,157,SC_SC,CB,CG2,VDW
548,1cee,A,157,A,168,SC_SC,CG2,SG,VDW
549,1cee,A,168,A,157,SC_SC,SG,CG2,VDW
550,1cee,A,158,A,163,MC_MC,O,N,HBOND
551,1cee,A,163,A,158,MC_MC,N,O,HBOND
552,1cee,A,37,B,38,SC_SC,CD1,CE1,VDW
553,1cee,B,38,A,37,SC_SC,CE1,CD1,VDW
554,1cee,A,37,B,38,SC_SC,CD1,CZ,VDW
555,1cee,B,38,A,37,SC_SC,CZ,CD1,VDW
556,1cee,A,37,B,42,SC_SC,CZ,CB,VDW
557,1cee,B,42,A,37,SC_SC,CB,CZ,VDW
558,1cee,B,2,A,2,SC_SC,OE1,NZ,HBOND
559,1cee,A,2,B,2,SC_SC,NZ,OE1,HBOND
560,1cee,B,2,A,177,SC_SC,CD2,CE,VDW
561,1cee,A,177,B,2,SC_SC,CE,CD2,VDW
562,1cee,B,2,A,179,MC_MC,O,N,HBOND
563,1cee,A,179,B,2,MC_MC,N,O,HBOND
564,1cee,B,2,A,179,SC_MC,C,CB,VDW
565,1cee,A,179,B,2,SC_MC,CB,C,VDW
566,1cee,B,3,A,179,SC_SC,CD,CD,VDW
567,1cee,A,179,B,3,SC_SC,CD,CD,VDW
568,1cee,B,4,A,46,SC_SC,CG2,CG2,VDW
569,1cee,A,46,B,4,SC_SC,CG2,CG2,VDW
570,1cee,B,4,A,174,MC_SC,CD1,C,VDW
571,1cee,A,174,B,4,MC_SC,C,CD1,VDW
572,1cee,B,4,A,174,SC_SC,CD1,CB,VDW
573,1cee,A,174,B,4,SC_SC,CB,CD1,VDW
574,1cee,B,4,A,177,SC_SC,CB,CG1,VDW
575,1cee,A,177,B,4,SC_SC,CG1,CB,VDW
576,1cee,B,4,A,177,SC_SC,CD1,CG1,VDW
577,1cee,A,177,B,4,SC_SC,CG1,CD1,VDW
578,1cee,B,4,A,177,SC_SC,CD1,CD1,VDW
579,1cee,A,177,B,4,SC_SC,CD1,CD1,VDW
580,1cee,B,9,A,44,SC_SC,CG1,CG2,VDW
581,1cee,A,44,B,9,SC_SC,CG2,CG1,VDW
582,1cee,B,9,A,174,SC_SC,CB,CD1,VDW
583,1cee,A,174,B,9,SC_SC,CD1,CB,VDW
584,1cee,B,10,A,44,MC_SC,CG1,C,VDW
585,1cee,A,44,B,10,MC_SC,C,CG1,VDW
586,1cee,B,10,A,45,MC_MC,O,N,HBOND
587,1cee,A,45,B,10,MC_MC,N,O,HBOND
588,1cee,B,12,A,42,SC_SC,CG1,CB,VDW
589,1cee,A,42,B,12,SC_SC,CB,CG1,VDW
590,1cee,B,13,A,43,SC_MC,O,OG,HBOND
591,1cee,A,43,B,13,SC_MC,OG,O,HBOND
592,1cee,B,13,A,43,MC_MC,O,N,HBOND
593,1cee,A,43,B,13,MC_MC,N,O,HBOND
594,1cee,B,15,A,24,SC_SC,CB,CD1,VDW
595,1cee,A,24,B,15,SC_SC,CD1,CB,VDW
596,1cee,B,15,A,24,SC_SC,CB,CE1,VDW
597,1cee,A,24,B,15,SC_SC,CE1,CB,VDW
598,1cee,B,15,A,40,SC_SC,CD1,CZ,VDW
599,1cee,A,40,B,15,SC_SC,CZ,CD1,VDW
600,1cee,B,15,A,40,SC_SC,CD1,CE1,VDW
601,1cee,A,40,B,15,SC_SC,CE1,CD1,VDW
602,1cee,B,16,A,41,MC_MC,O,N,HBOND
603,1cee,A,41,B,16,MC_MC,N,O,HBOND
604,1cee,B,16,A,41,MC_MC,N,O,HBOND
605,1cee,A,41,B,16,MC_MC,O,N,HBOND
606,1cee,B,16,A,41,SC_SC,CB,CB,VDW
607,1cee,A,41,B,16,SC_SC,CB,CB,VDW
608,1cee,B,18,A,39,MC_MC,O,N,HBOND
609,1cee,A,39,B,18,MC_MC,N,O,HBOND
610,1cee,B,18,A,39,SC_SC,OD1,CB,VDW
611,1cee,A,39,B,18,SC_SC,CB,OD1,VDW
612,1cee,B,18,A,39,SC_SC,OD1,CG1,VDW
613,1cee,A,39,B,18,SC_SC,CG1,OD1,VDW
614,1cee,B,18,A,39,SC_SC,OD1,CG2,VDW
615,1cee,A,39,B,18,SC_SC,CG2,OD1,VDW
616,1cee,B,18,A,39,SC_SC,CG,CB,VDW
617,1cee,A,39,B,18,SC_SC,CB,CG,VDW
618,1cee,B,19,A,39,MC_MC,O,N,HBOND
619,1cee,A,39,B,19,MC_MC,N,O,HBOND
620,1cee,B,19,A,39,MC_MC,N,O,HBOND
621,1cee,A,39,B,19,MC_MC,O,N,HBOND
622,1cee,B,21,A,36,SC_SC,CG1,CG1,VDW
623,1cee,A,36,B,21,SC_SC,CG1,CG1,VDW
624,1cee,B,21,A,37,MC_MC,O,N,HBOND
625,1cee,A,37,B,21,MC_MC,N,O,HBOND
626,1cee,B,21,A,38,MC_SC,OD1,N,HBOND
627,1cee,A,38,B,21,MC_SC,N,OD1,HBOND
628,1cee,B,23,A,36,SC_SC,CG2,CB,VDW
629,1cee,A,36,B,23,SC_SC,CB,CG2,VDW
630,1cee,B,29,A,36,SC_SC,CG1,CE2,VDW
631,1cee,A,36,B,29,SC_SC,CE2,CG1,VDW
632,1cee,B,29,A,36,SC_SC,CG1,CZ,VDW
633,1cee,A,36,B,29,SC_SC,CZ,CG1,VDW
634,1cee,B,41,A,70,SC_SC,CD1,CB,VDW
635,1cee,A,70,B,41,SC_SC,CB,CD1,VDW
636,1cee,B,41,A,70,MC_SC,CD1,C,VDW
637,1cee,A,70,B,41,MC_SC,C,CD1,VDW
638,1cee,B,42,A,67,SC_SC,CD1,CZ,VDW
639,1cee,A,67,B,42,SC_SC,CZ,CD1,VDW
640,1cee,B,42,A,67,SC_SC,CD1,CE1,VDW
641,1cee,A,67,B,42,SC_SC,CE1,CD1,VDW
642,1cee,B,45,A,67,SC_SC,CB,CB,VDW
643,1cee,A,67,B,45,SC_SC,CB,CB,VDW
644,1cee,B,47,A,67,SC_SC,CD2,CD1,VDW
645,1cee,A,67,B,47,SC_SC,CD1,CD2,VDW
646,1cee,B,4,B,9,SC_SC,CG1,CG2,VDW
647,1cee,B,9,B,4,SC_SC,CG2,CG1,VDW
648,1cee,B,21,B,29,SC_SC,CD2,CG1,VDW
649,1cee,B,29,B,21,SC_SC,CG1,CD2,VDW
650,1cee,B,21,B,29,SC_SC,CE2,CG1,VDW
651,1cee,B,29,B,21,SC_SC,CG1,CE2,VDW
652,1cee,B,21,B,31,SC_SC,CG2,CG1,VDW
653,1cee,B,31,B,21,SC_SC,CG1,CG2,VDW
654,1cee,B,21,B,31,SC_SC,CG2,CG2,VDW
655,1cee,B,31,B,21,SC_SC,CG2,CG2,VDW
656,1cee,B,22,B,30,MC_MC,N,O,HBOND
657,1cee,B,30,B,22,MC_MC,O,N,HBOND
658,1cee,B,34,B,39,MC_SC,NE,O,HBOND
659,1cee,B,39,B,34,MC_SC,O,NE,HBOND
660,1cee,B,34,B,39,MC_SC,NH2,O,HBOND
661,1cee,B,39,B,34,MC_SC,O,NH2,HBOND
662,1cee,B,34,B,42,SC_SC,CD2,CD1,VDW
663,1cee,B,42,B,34,SC_SC,CD1,CD2,VDW
664,1cee,B,34,B,42,SC_SC,CG,CD1,VDW
665,1cee,B,42,B,34,SC_SC,CD1,CG,VDW
666,1cee,B,42,B,47,MC_MC,N,O,HBOND
667,1cee,B,47,B,42,MC_MC,O,N,HBOND
668,1cee,B,42,B,47,SC_SC,CG1,CD2,VDW
669,1cee,B,47,B,42,SC_SC,CD2,CG1,VDW
